id,idPrim,idPrimJap,extension_id,extensionjap_id,Num,Sur,Recherche,Rarete,Type1,Type2,NomFrancaisEBAY,NomAnglaisEBAY,NomItalienEBAY,NomEspagnolEBAY,NomAllemandEBAY,nomJapEBAY,NomFrancaisZEBRA,NomAnglaisZEBRA,NomItalienZEBRA,NomAllemandZEBRA,NomEspagnolZEBRA,nomJapZEBRA,NomCompletFR,NomCompletUS,NomCompletES,NomCompletIT,NomCompletDE,nomCompletJap,nomBrutFR,nomBrutUS,nomBrutIT,nomBrutDE,nomBrutES,PromoFrPca,PromoUsPca,Promo,PostIndicationSpecialeFR,PostIndicationSpecialeUS,postIndicationSpecialeIT,postIndicationSpecialeDE,postIndicationSpecialeES,postIndicationSpecialeJap,stock,NumSerie,zPostExtensionFR,zPostExtensionUS,zPostExtensionIT,zPostExtensionDE,zPostExtensionES,FR,US,JAP,IT,DE,ES,reverse,edition,distribution,moyennePrix_id,japCrochet,enExpansion,enNum,japExpansion,japRarity,japRarityPCA,Card,japNum,japNumBis,japName,japTraductionName,japType,japPromo,japPromoPCA,japProbleme,japTypePCA,japIndice,japConflit,FA,ajoutManuelJap,japSurBis,HP,evolutionStage,nbCartes,hasImg,dateSortieFr,dateSortieUs,dateSortieIT,dateSortieDE,dateSortieES,dateSortieJap,crochetFR,crochetUS,crochetES,crochetIT,crochetDE,isActive,isMega,particularite,levelDE
1,100,048,1,1,1,102,1/102,Holographique,"Psy ",,Alakazam,Alakazam,NULL,NULL,NULL,NULL,Alakazamzebra,Alakazam,italienZebra,NULL,NULL,Alakazam,Alakazam,Alakazam,NULL,italienComplet,NULL,NULL,NULL,NULL,NULL,NULL,NULL,NULL,NULL,"Pokémon League (July 1999)",,,NULL,NULL,NULL,NULL,NULL,WZST0001,,NULL,NULL,NULL,NULL,1,1,1,0,0,NULL,0,1,NULL,1,,"Base Set",1/102,"Expansion Pack","Rare Holo",Holographique,Alakazam,—,NULL,フーディン,Foodin,Psychic,,NULL,0,Psy,48,NULL,NULL,NULL,NULL,NULL,NULL,NULL,NULL,NULL,"1999-01-01 00:00:00",NULL,NULL,NULL,NULL,NULL,NULL,NULL,NULL,NULL,1,0,NULL,NULL
2,101,031,1,1,2,102,2/102,Holographique,"Eau ",,Tortank,Blastoise,NULL,NULL,NULL,NULL,Tortank,Blastoise,NULL,NULL,NULL,Blastoise,Tortank,Blastoise,NULL,NULL,NULL,NULL,NULL,NULL,NULL,NULL,NULL,NULL,NULL,NULL,,,NULL,NULL,NULL,NULL,NULL,WZST0002,NULL,NULL,NULL,NULL,NULL,1,1,1,0,0,NULL,0,1,NULL,2,,"Base Set",2/102,"Expansion Pack","Rare Holo",Holographique,Blastoise,—,NULL,カメックス,Kamex,Water,,NULL,0,Eau,31,NULL,NULL,NULL,NULL,NULL,NULL,NULL,NULL,NULL,"1999-01-01 00:00:00",NULL,NULL,NULL,NULL,NULL,NULL,NULL,NULL,NULL,1,0,NULL,NULL
3,1000000300,067,1,1,3,102,3/102,Holographique,"Incolore ",,Leveinard,Chansey,NULL,NULL,NULL,NULL,Leveinard,Chansey,NULL,NULL,NULL,Chansey,Leveinard,Chansey,NULL,NULL,NULL,NULL,NULL,NULL,NULL,NULL,NULL,NULL,NULL,NULL,,,NULL,NULL,NULL,NULL,NULL,WZST0003,NULL,NULL,NULL,NULL,NULL,1,1,1,0,0,NULL,0,1,NULL,3,,"Base Set",3/102,"Expansion Pack","Rare Holo",Holographique,Chansey,—,NULL,ラッキー,Lucky,Colorless,,NULL,0,Incolore,67,NULL,NULL,NULL,NULL,NULL,NULL,NULL,NULL,NULL,NULL,NULL,NULL,NULL,NULL,NULL,NULL,NULL,NULL,NULL,1,0,NULL,NULL
4,1000000400,020,1,1,4,102,4/102,Holographique,"Feu ",,Dracaufeu,Charizard,NULL,NULL,NULL,NULL,Dracaufeu,Charizard,NULL,NULL,NULL,Charizard,Dracaufeu,Charizard,NULL,NULL,NULL,NULL,NULL,NULL,NULL,NULL,NULL,NULL,NULL,NULL,,,NULL,NULL,NULL,NULL,NULL,WZST0004,NULL,NULL,NULL,NULL,NULL,1,1,1,0,0,NULL,0,1,NULL,4,,"Base Set",4/102,"Expansion Pack","Rare Holo",Holographique,Charizard,—,NULL,リザードン,Lizardon,Fire,,NULL,0,Feu,20,NULL,NULL,NULL,NULL,NULL,NULL,NULL,NULL,NULL,NULL,NULL,NULL,NULL,NULL,NULL,NULL,NULL,NULL,NULL,1,0,NULL,NULL
5,1000000500,066,1,1,5,102,5/102,Holographique,"Incolore ",,Mélofée,Clefairy,NULL,NULL,NULL,NULL,Mélofée,Clefairy,NULL,NULL,NULL,Clefairy,Mélofée,Clefairy,NULL,NULL,NULL,NULL,NULL,NULL,NULL,NULL,NULL,NULL,NULL,NULL,,,NULL,NULL,NULL,NULL,NULL,WZST0005,NULL,NULL,NULL,NULL,NULL,1,1,1,0,0,NULL,0,1,NULL,5,,"Base Set",5/102,"Expansion Pack","Rare Holo",Holographique,Clefairy,—,NULL,ピッピ,Pippi,Colorless,,NULL,0,Incolore,66,NULL,NULL,NULL,NULL,NULL,NULL,NULL,NULL,NULL,NULL,NULL,NULL,NULL,NULL,NULL,NULL,NULL,NULL,NULL,1,0,NULL,NULL
6,1000000600,033,1,1,6,102,6/102,Holographique,"Eau ",,Léviator,Gyarados,NULL,NULL,NULL,NULL,"Léviator ♀",Gyarados,NULL,NULL,NULL,Gyarados,Léviator,Gyarados,NULL,NULL,NULL,NULL,NULL,NULL,NULL,NULL,NULL,NULL,NULL,NULL,,,NULL,NULL,NULL,NULL,NULL,WZST0006,NULL,NULL,NULL,NULL,NULL,1,1,1,0,0,NULL,0,1,NULL,6,,"Base Set",6/102,"Expansion Pack","Rare Holo",Holographique,Gyarados,—,NULL,ギャラドス,Gyarados,Water,,NULL,0,Eau,33,NULL,NULL,NULL,NULL,NULL,NULL,NULL,NULL,NULL,NULL,NULL,NULL,NULL,NULL,NULL,NULL,NULL,NULL,NULL,1,0,NULL,NULL
7,1000000700,057,1,1,7,102,7/102,Holographique,"Combat ",,Tygnon,Hitmonchan,NULL,NULL,NULL,NULL,Tygnon,Hitmonchan,NULL,NULL,NULL,Hitmonchan,Tygnon,Hitmonchan,NULL,NULL,NULL,NULL,NULL,NULL,NULL,NULL,NULL,NULL,NULL,NULL,,,NULL,NULL,NULL,NULL,NULL,WZST0007,NULL,NULL,NULL,NULL,NULL,1,1,1,0,0,NULL,0,1,NULL,7,,"Base Set",7/102,"Expansion Pack","Rare Holo",Holographique,Hitmonchan,—,NULL,エビワラー,Ebiwalar,Fighting,,NULL,0,Combat,57,NULL,NULL,NULL,NULL,NULL,NULL,NULL,NULL,NULL,NULL,NULL,NULL,NULL,NULL,NULL,NULL,NULL,NULL,NULL,1,0,NULL,NULL
8,1000000800,056,1,1,8,102,8/102,Holographique,"Combat ",,Mackogneur,Machamp,NULL,NULL,NULL,NULL,Mackogneur,Machamp,NULL,NULL,NULL,Machamp,Mackogneur,Machamp,NULL,NULL,NULL,NULL,NULL,NULL,NULL,NULL,NULL,NULL,NULL,NULL,,,NULL,NULL,NULL,NULL,NULL,WZST0008,NULL,NULL,NULL,NULL,NULL,1,1,1,0,0,NULL,0,1,NULL,8,,"Base Set",8/102,"Expansion Pack","Rare Holo",Holographique,Machamp,—,NULL,カイリキー,Kairiky,Fighting,,NULL,0,Combat,56,NULL,NULL,NULL,NULL,NULL,NULL,NULL,NULL,NULL,NULL,NULL,NULL,NULL,NULL,NULL,NULL,NULL,NULL,NULL,1,0,NULL,NULL
9,1000001000,038,1,1,9,102,9/102,Holographique,"Élektrik ",,Magneton,Magneton,NULL,NULL,NULL,NULL,Magneton,Magneton,NULL,NULL,NULL,Magneton,Magneton,Magneton,NULL,NULL,NULL,NULL,NULL,NULL,NULL,NULL,NULL,NULL,NULL,NULL,,,NULL,NULL,NULL,NULL,NULL,WZST0009,NULL,NULL,NULL,NULL,NULL,1,1,1,0,0,NULL,0,1,NULL,9,,"Base Set",9/102,"Expansion Pack","Rare Holo",Holographique,Magneton,—,NULL,レアコイル,Rarecoil,Lightning,,NULL,0,Elektrik,38,NULL,NULL,NULL,NULL,NULL,NULL,NULL,NULL,NULL,NULL,NULL,NULL,NULL,NULL,NULL,NULL,NULL,NULL,NULL,1,0,NULL,NULL
10,1000001100,049,1,1,10,102,10/102,Holographique,"Psy ",,Mewtwo,Mewtwo,NULL,NULL,NULL,NULL,Mewtwo,Mewtwo,NULL,NULL,NULL,Mewtwo,Mewtwo,Mewtwo,NULL,NULL,NULL,NULL,NULL,NULL,NULL,NULL,NULL,NULL,NULL,NULL,,,NULL,NULL,NULL,NULL,NULL,WZST0010,NULL,NULL,NULL,NULL,NULL,1,1,1,0,0,NULL,0,1,NULL,10,,"Base Set",10/102,"Expansion Pack","Rare Holo",Holographique,Mewtwo,—,NULL,ミュウツー,Mewtwo,Psychic,,NULL,0,Psy,49,NULL,NULL,NULL,NULL,NULL,NULL,NULL,NULL,NULL,NULL,NULL,NULL,NULL,NULL,NULL,NULL,NULL,NULL,NULL,1,0,NULL,NULL
11,1000001200,012,1,1,11,102,11/102,Holographique,"Plante ",,Nidoking,Nidoking,NULL,NULL,NULL,NULL,Nidoking,Nidoking,NULL,NULL,NULL,Nidoking,Nidoking,Nidoking,NULL,NULL,NULL,NULL,NULL,NULL,NULL,NULL,NULL,NULL,NULL,NULL,,,NULL,NULL,NULL,NULL,NULL,WZST0011,NULL,NULL,NULL,NULL,NULL,1,1,1,0,0,NULL,0,1,NULL,11,,"Base Set",11/102,"Expansion Pack","Rare Holo",Holographique,Nidoking,—,NULL,ニドキング,Nidoking,Grass,,NULL,0,Plante,12,NULL,NULL,NULL,NULL,NULL,NULL,NULL,NULL,NULL,NULL,NULL,NULL,NULL,NULL,NULL,NULL,NULL,NULL,NULL,1,0,NULL,NULL
12,1000001300,021,1,1,12,102,12/102,Holographique,"Feu ",,Feunard,Ninetales,NULL,NULL,NULL,NULL,Feunard,Ninetales,NULL,NULL,NULL,Ninetales,Feunard,Ninetales,NULL,NULL,NULL,NULL,NULL,NULL,NULL,NULL,NULL,NULL,NULL,NULL,,,NULL,NULL,NULL,NULL,NULL,WZST0012,NULL,NULL,NULL,NULL,NULL,1,1,1,0,0,NULL,0,1,NULL,12,,"Base Set",12/102,"Expansion Pack","Rare Holo",Holographique,Ninetales,—,NULL,キュウコン,Kyukon,Fire,,NULL,0,Feu,21,NULL,NULL,NULL,NULL,NULL,NULL,NULL,NULL,NULL,NULL,NULL,NULL,NULL,NULL,NULL,NULL,NULL,NULL,NULL,1,0,NULL,NULL
13,1000001400,032,1,1,13,102,13/102,Holographique,"Eau ",,Tartard,Poliwrath,NULL,NULL,NULL,NULL,Tartard,Poliwrath,NULL,NULL,NULL,Poliwrath,Tartard,Poliwrath,NULL,NULL,NULL,NULL,NULL,NULL,NULL,NULL,NULL,NULL,NULL,NULL,,,NULL,NULL,NULL,NULL,NULL,WZST0013,NULL,NULL,NULL,NULL,NULL,1,1,1,0,0,NULL,0,1,NULL,13,,"Base Set",13/102,"Expansion Pack","Rare Holo",Holographique,Poliwrath,—,NULL,ニョロボン,Nyorobon,Water,,NULL,0,Eau,32,NULL,NULL,NULL,NULL,NULL,NULL,NULL,NULL,NULL,NULL,NULL,NULL,NULL,NULL,NULL,NULL,NULL,NULL,NULL,1,0,NULL,NULL
14,1000001500,037,1,1,14,102,14/102,Holographique,"Élektrik ",,Raichu,Raichu,NULL,NULL,NULL,NULL,Raichu,Raichu,NULL,NULL,NULL,Raichu,Raichu,Raichu,NULL,NULL,NULL,NULL,NULL,NULL,NULL,NULL,NULL,NULL,NULL,NULL,,,NULL,NULL,NULL,NULL,NULL,WZST0014,NULL,NULL,NULL,NULL,NULL,1,1,1,0,0,NULL,0,1,NULL,14,,"Base Set",14/102,"Expansion Pack","Rare Holo",Holographique,Raichu,—,NULL,ライチュウ,Raichu,Lightning,,NULL,0,Elektrik,37,NULL,NULL,NULL,NULL,NULL,NULL,NULL,NULL,NULL,NULL,NULL,NULL,NULL,NULL,NULL,NULL,NULL,NULL,NULL,1,0,NULL,NULL
15,1000001600,010,1,1,15,102,15/102,Holographique,"Plante ",,Florizarre,Venusaur,NULL,NULL,NULL,NULL,Florizarre,Venusaur,NULL,NULL,NULL,Venusaur,Florizarre,Venusaur,NULL,NULL,NULL,NULL,NULL,NULL,NULL,NULL,NULL,NULL,NULL,NULL,,,NULL,NULL,NULL,NULL,NULL,WZST0015,NULL,NULL,NULL,NULL,NULL,1,1,1,0,0,NULL,0,1,NULL,15,,"Base Set",15/102,"Expansion Pack","Rare Holo",Holographique,Venusaur,—,NULL,フシギバナ,Fushigibana,Grass,,NULL,0,Plante,10,NULL,NULL,NULL,NULL,NULL,NULL,NULL,NULL,NULL,NULL,NULL,NULL,NULL,NULL,NULL,NULL,NULL,NULL,NULL,1,0,NULL,NULL
16,1000001700,041,1,1,16,102,16/102,Holographique,"Élektrik ",,Électhor,Zapdos,NULL,NULL,NULL,NULL,Électhor,Zapdos,NULL,NULL,NULL,Zapdos,Électhor,Zapdos,NULL,NULL,NULL,NULL,NULL,NULL,NULL,NULL,NULL,NULL,NULL,NULL,,,NULL,NULL,NULL,NULL,NULL,WZST0016,NULL,NULL,NULL,NULL,NULL,1,1,1,0,0,NULL,0,1,NULL,16,,"Base Set",16/102,"Expansion Pack","Rare Holo",Holographique,Zapdos,—,NULL,サンダー,Thunder,Lightning,,NULL,0,Elektrik,41,NULL,NULL,NULL,NULL,NULL,NULL,NULL,NULL,NULL,NULL,NULL,NULL,NULL,NULL,NULL,NULL,NULL,NULL,NULL,1,0,NULL,NULL
17,1000001800,011,1,1,17,102,17/102,Rare,"Plante ",,Dardargnan,Beedrill,NULL,NULL,NULL,NULL,Dardargnan,Beedrill,NULL,NULL,NULL,Beedrill,Dardargnan,Beedrill,NULL,NULL,NULL,NULL,NULL,NULL,NULL,NULL,NULL,NULL,NULL,NULL,,,NULL,NULL,NULL,NULL,NULL,WZST0017,NULL,NULL,NULL,NULL,NULL,1,1,1,0,0,NULL,0,1,NULL,17,,"Base Set",17/102,"Expansion Pack",Rare,Rare,Beedrill,—,NULL,スピアー,Spear,Grass,,NULL,0,Plante,11,NULL,NULL,NULL,NULL,NULL,NULL,NULL,NULL,NULL,NULL,NULL,NULL,NULL,NULL,NULL,NULL,NULL,NULL,NULL,1,0,NULL,NULL
18,1000001900,068,1,1,18,102,18/102,Rare,"Incolore ",,Draco,Dragonair,NULL,NULL,NULL,NULL,Draco,Dragonair,NULL,NULL,NULL,Dragonair,Draco,Dragonair,NULL,NULL,NULL,NULL,NULL,NULL,NULL,NULL,NULL,NULL,NULL,NULL,,,NULL,NULL,NULL,NULL,NULL,WZST0018,NULL,NULL,NULL,NULL,NULL,1,1,1,0,0,NULL,0,1,NULL,18,,"Base Set",18/102,"Expansion Pack",Rare,Rare,Dragonair,—,NULL,ハクリュー,Hakuryu,Colorless,,NULL,0,Incolore,68,NULL,NULL,NULL,NULL,NULL,NULL,NULL,NULL,NULL,NULL,NULL,NULL,NULL,NULL,NULL,NULL,NULL,NULL,NULL,1,0,NULL,NULL
19,1000002000,NULL,1,72,19,102,19/102,Rare,"Combat ",,Triopikeur,Dugtrio,NULL,NULL,NULL,NULL,Triopikeur,Dugtrio,NULL,NULL,NULL,Dugtrio,Triopikeur,Dugtrio,NULL,NULL,NULL,NULL,NULL,NULL,NULL,NULL,NULL,NULL,NULL,NULL,,,NULL,NULL,NULL,NULL,NULL,WZST0019,NULL,NULL,NULL,NULL,NULL,1,1,0,0,0,NULL,0,1,NULL,19,NULL,"Base Set",19/102,"Expansion Pack",Rare,Rare,Dugtrio,—,NULL,ダグトリオ,Dugtrio,Fighting,NULL,NULL,NULL,Combat,55,NULL,NULL,NULL,NULL,NULL,NULL,NULL,NULL,NULL,NULL,NULL,NULL,NULL,NULL,NULL,NULL,NULL,NULL,NULL,1,0,NULL,NULL
20,1000002100,040,1,1,20,102,20/102,Rare,"Élektrik ",,Elektek,Electabuzz,NULL,NULL,NULL,NULL,Élektek,Electabuzz,NULL,NULL,NULL,Electabuzz,Élektek,Electabuzz,NULL,NULL,NULL,NULL,NULL,NULL,NULL,NULL,NULL,NULL,NULL,NULL,,,NULL,NULL,NULL,NULL,NULL,WZST0020,NULL,NULL,NULL,NULL,NULL,1,1,1,0,0,NULL,0,1,NULL,20,,"Base Set",20/102,"Expansion Pack",Rare,Rare,Electabuzz,—,NULL,エレブー,Eleboo,Lightning,,NULL,0,Elektrik,40,NULL,NULL,NULL,NULL,NULL,NULL,NULL,NULL,NULL,NULL,NULL,NULL,NULL,NULL,NULL,NULL,NULL,NULL,NULL,1,0,NULL,NULL
21,1000002200,039,1,1,21,102,21/102,Rare,"Élektrik ",,Électrode,Electrode,NULL,NULL,NULL,NULL,Électrode,Electrode,NULL,NULL,NULL,Electrode,Électrode,Electrode,NULL,NULL,NULL,NULL,NULL,NULL,NULL,NULL,NULL,NULL,NULL,NULL,,,NULL,NULL,NULL,NULL,NULL,WZST0021,NULL,NULL,NULL,NULL,NULL,1,1,1,0,0,NULL,0,1,NULL,21,,"Base Set",21/102,"Expansion Pack",Rare,Rare,Electrode,—,NULL,マルマイン,Marumine,Lightning,,NULL,0,Elektrik,39,NULL,NULL,NULL,NULL,NULL,NULL,NULL,NULL,NULL,NULL,NULL,NULL,NULL,NULL,NULL,NULL,NULL,NULL,NULL,1,0,NULL,NULL
22,1000002300,065,1,1,22,102,22/102,Rare,"Incolore ",,Roucoups,Pidgeotto,NULL,NULL,NULL,NULL,Roucoups,Pidgeotto,NULL,NULL,NULL,Pidgeotto,Roucoups,Pidgeotto,NULL,NULL,NULL,NULL,NULL,NULL,NULL,NULL,NULL,NULL,NULL,NULL,,,NULL,NULL,NULL,NULL,NULL,WZST0022,NULL,NULL,NULL,NULL,NULL,1,1,1,0,0,NULL,0,1,NULL,22,,"Base Set",22/102,"Expansion Pack",Rare,Rare,Pidgeotto,—,NULL,ピジョン,Pigeon,Colorless,,NULL,0,Incolore,65,NULL,NULL,NULL,NULL,NULL,NULL,NULL,NULL,NULL,NULL,NULL,NULL,NULL,NULL,NULL,NULL,NULL,NULL,NULL,1,0,NULL,NULL
23,1000002400,018,1,1,23,102,23/102,"Peu commune","Feu ",,Arcanin,Arcanine,NULL,NULL,NULL,NULL,Arcanin,Arcanine,NULL,NULL,NULL,Arcanine,Arcanin,Arcanine,NULL,NULL,NULL,NULL,NULL,NULL,NULL,NULL,NULL,NULL,NULL,NULL,,,NULL,NULL,NULL,NULL,NULL,WZST0023,NULL,NULL,NULL,NULL,NULL,1,1,1,0,0,NULL,0,1,NULL,23,,"Base Set",23/102,"Expansion Pack",Uncommon,Peucommune,Arcanine,—,NULL,ウインディ,Windie,Fire,,NULL,0,Feu,18,NULL,NULL,NULL,NULL,NULL,NULL,NULL,NULL,NULL,NULL,NULL,NULL,NULL,NULL,NULL,NULL,NULL,NULL,NULL,1,0,NULL,NULL
24,1000002500,016,1,1,24,102,24/102,"Peu commune","Feu ",,Reptincel,Charmeleon,NULL,NULL,NULL,NULL,Reptincel,Charmeleon,NULL,NULL,NULL,Charmeleon,Reptincel,Charmeleon,NULL,NULL,NULL,NULL,NULL,NULL,NULL,NULL,NULL,NULL,NULL,NULL,,,NULL,NULL,NULL,NULL,NULL,WZST0024,NULL,NULL,NULL,NULL,NULL,1,1,1,0,0,NULL,0,1,NULL,24,,"Base Set",24/102,"Expansion Pack",Uncommon,Peucommune,Charmeleon,—,NULL,リザード,Lizardo,Fire,,NULL,0,Feu,16,NULL,NULL,NULL,NULL,NULL,NULL,NULL,NULL,NULL,NULL,NULL,NULL,NULL,NULL,NULL,NULL,NULL,NULL,NULL,1,0,NULL,NULL
25,1000002600,029,1,1,25,102,25/102,"Peu commune","Eau ",,Lamantine,Dewgong,NULL,NULL,NULL,NULL,Lamantine,Dewgong,NULL,NULL,NULL,Dewgong,Lamantine,Dewgong,NULL,NULL,NULL,NULL,NULL,NULL,NULL,NULL,NULL,NULL,NULL,NULL,,,NULL,NULL,NULL,NULL,NULL,WZST0025,NULL,NULL,NULL,NULL,NULL,1,1,1,0,0,NULL,0,1,NULL,25,,"Base Set",25/102,"Expansion Pack",Uncommon,Peucommune,Dewgong,—,NULL,ジュゴン,Jugon,Water,,NULL,0,Eau,29,NULL,NULL,NULL,NULL,NULL,NULL,NULL,NULL,NULL,NULL,NULL,NULL,NULL,NULL,NULL,NULL,NULL,NULL,NULL,1,0,NULL,NULL
26,1000002700,064,1,1,26,102,26/102,"Peu commune","Incolore ",,Minidraco,Dratini,NULL,NULL,NULL,NULL,Minidraco,Dratini,NULL,NULL,NULL,Dratini,Minidraco,Dratini,NULL,NULL,NULL,NULL,NULL,NULL,NULL,NULL,NULL,NULL,NULL,NULL,,,NULL,NULL,NULL,NULL,NULL,WZST0026,NULL,NULL,NULL,NULL,NULL,1,1,1,0,0,NULL,0,1,NULL,26,,"Base Set",26/102,"Expansion Pack",Uncommon,Peucommune,Dratini,—,NULL,ミニリュウ,Miniryu,Colorless,,NULL,0,Incolore,64,NULL,NULL,NULL,NULL,NULL,NULL,NULL,NULL,NULL,NULL,NULL,NULL,NULL,NULL,NULL,NULL,NULL,NULL,NULL,1,0,NULL,NULL
27,1000002800,062,1,1,27,102,27/102,"Peu commune","Incolore ",,Canarticho,Farfetch,NULL,NULL,NULL,NULL,Canarticho,Farfetch'd,NULL,NULL,NULL,Farfetch'd,Canarticho,Farfetch'd,NULL,NULL,NULL,NULL,NULL,NULL,NULL,NULL,NULL,NULL,NULL,NULL,,,NULL,NULL,NULL,NULL,NULL,WZST0027,NULL,NULL,NULL,NULL,NULL,1,1,1,0,0,NULL,0,1,NULL,27,,"Base Set",27/102,"Expansion Pack",Uncommon,Peucommune,Farfetch'd,—,NULL,カモネギ,Kamonegi,Colorless,,NULL,0,Incolore,62,NULL,NULL,NULL,NULL,NULL,NULL,NULL,NULL,NULL,NULL,NULL,NULL,NULL,NULL,NULL,NULL,NULL,NULL,NULL,1,0,NULL,NULL
28,1000002900,017,1,1,28,102,28/102,"Peu commune","Feu ",,Caninos,Growlithe,NULL,NULL,NULL,NULL,Caninos,Growlithe,NULL,NULL,NULL,Growlithe,Caninos,Growlithe,NULL,NULL,NULL,NULL,NULL,NULL,NULL,NULL,NULL,NULL,NULL,NULL,,,NULL,NULL,NULL,NULL,NULL,WZST0028,NULL,NULL,NULL,NULL,NULL,1,1,1,0,0,NULL,0,1,NULL,28,,"Base Set",28/102,"Expansion Pack",Uncommon,Peucommune,Growlithe,—,NULL,ガーディ,Gardie,Fire,,NULL,0,Feu,17,NULL,NULL,NULL,NULL,NULL,NULL,NULL,NULL,NULL,NULL,NULL,NULL,NULL,NULL,NULL,NULL,NULL,NULL,NULL,1,0,NULL,NULL
29,1000003000,046,1,1,29,102,29/102,"Peu commune","Psy ",,Spectrum,Haunter,NULL,NULL,NULL,NULL,Spectrum,Haunter,NULL,NULL,NULL,Haunter,Spectrum,Haunter,NULL,NULL,NULL,NULL,NULL,NULL,NULL,NULL,NULL,NULL,NULL,NULL,,,NULL,NULL,NULL,NULL,NULL,WZST0029,NULL,NULL,NULL,NULL,NULL,1,1,1,0,0,NULL,0,1,NULL,29,,"Base Set",29/102,"Expansion Pack",Uncommon,Peucommune,Haunter,—,NULL,ゴースト,Ghost,Psychic,,NULL,0,Psy,46,NULL,NULL,NULL,NULL,NULL,NULL,NULL,NULL,NULL,NULL,NULL,NULL,NULL,NULL,NULL,NULL,NULL,NULL,NULL,1,0,NULL,NULL
30,1000003100,007,1,1,30,102,30/102,"Peu commune","Plante ",,Herbizarre,Ivysaur,NULL,NULL,NULL,NULL,Herbizarre,Ivysaur,NULL,NULL,NULL,Ivysaur,Herbizarre,Ivysaur,NULL,NULL,NULL,NULL,NULL,NULL,NULL,NULL,NULL,NULL,NULL,NULL,,,NULL,NULL,NULL,NULL,NULL,WZST0030,NULL,NULL,NULL,NULL,NULL,1,1,1,0,0,NULL,0,1,NULL,30,,"Base Set",30/102,"Expansion Pack",Uncommon,Peucommune,Ivysaur,—,NULL,フシギソウ,Fushigisou,Grass,,NULL,0,Plante,7,NULL,NULL,NULL,NULL,NULL,NULL,NULL,NULL,NULL,NULL,NULL,NULL,NULL,NULL,NULL,NULL,NULL,NULL,NULL,1,0,NULL,NULL
31,1000003200,047,1,1,31,102,31/102,"Peu commune","Psy ",,Lippoutou,Jynx,NULL,NULL,NULL,NULL,Lippoutou,Jynx,NULL,NULL,NULL,Jynx,Lippoutou,Jynx,NULL,NULL,NULL,NULL,NULL,NULL,NULL,NULL,NULL,NULL,NULL,NULL,,,NULL,NULL,NULL,NULL,NULL,WZST0031,NULL,NULL,NULL,NULL,NULL,1,1,1,0,0,NULL,0,1,NULL,31,,"Base Set",31/102,"Expansion Pack",Uncommon,Peucommune,Jynx,—,NULL,ルージュラ,Rougela,Psychic,,NULL,0,Psy,47,NULL,NULL,NULL,NULL,NULL,NULL,NULL,NULL,NULL,NULL,NULL,NULL,NULL,NULL,NULL,NULL,NULL,NULL,NULL,1,0,NULL,NULL
32,1000003300,045,1,1,32,102,32/102,"Peu commune","Psy ",,Kadabra,Kadabra,NULL,NULL,NULL,NULL,Kadabra,Kadabra,NULL,NULL,NULL,Kadabra,Kadabra,Kadabra,NULL,NULL,NULL,NULL,NULL,NULL,NULL,NULL,NULL,NULL,NULL,NULL,,,NULL,NULL,NULL,NULL,NULL,WZST0032,NULL,NULL,NULL,NULL,NULL,1,1,1,0,0,NULL,0,1,NULL,32,,"Base Set",32/102,"Expansion Pack",Uncommon,Peucommune,Kadabra,—,NULL,ユンゲラー,Yungerer,Psychic,,NULL,0,Psy,45,NULL,NULL,NULL,NULL,NULL,NULL,NULL,NULL,NULL,NULL,NULL,NULL,NULL,NULL,NULL,NULL,NULL,NULL,NULL,1,0,NULL,NULL
33,1000003400,008,1,1,33,102,33/102,"Peu commune","Plante ",,Coconfort,Kakuna,NULL,NULL,NULL,NULL,Coconfort,Kakuna,NULL,NULL,NULL,Kakuna,Coconfort,Kakuna,NULL,NULL,NULL,NULL,NULL,NULL,NULL,NULL,NULL,NULL,NULL,NULL,,,NULL,NULL,NULL,NULL,NULL,WZST0033,NULL,NULL,NULL,NULL,NULL,1,1,1,0,0,NULL,0,1,NULL,33,,"Base Set",33/102,"Expansion Pack",Uncommon,Peucommune,Kakuna,—,NULL,コクーン,Cocoon,Grass,,NULL,0,Plante,8,NULL,NULL,NULL,NULL,NULL,NULL,NULL,NULL,NULL,NULL,NULL,NULL,NULL,NULL,NULL,NULL,NULL,NULL,NULL,1,0,NULL,NULL
34,1000003500,054,1,1,34,102,34/102,"Peu commune","Combat ",,Machopeur,Machoke,NULL,NULL,NULL,NULL,Machopeur,Machoke,NULL,NULL,NULL,Machoke,Machopeur,Machoke,NULL,NULL,NULL,NULL,NULL,NULL,NULL,NULL,NULL,NULL,NULL,NULL,,,NULL,NULL,NULL,NULL,NULL,WZST0034,NULL,NULL,NULL,NULL,NULL,1,1,1,0,0,NULL,0,1,NULL,34,,"Base Set",34/102,"Expansion Pack",Uncommon,Peucommune,Machoke,—,NULL,ゴーリキー,Goriky,Fighting,,NULL,0,Combat,54,NULL,NULL,NULL,NULL,NULL,NULL,NULL,NULL,NULL,NULL,NULL,NULL,NULL,NULL,NULL,NULL,NULL,NULL,NULL,1,0,NULL,NULL
35,1000003600,030,1,1,35,102,35/102,"Peu commune","Eau ",,Magicarpe,Magikarp,NULL,NULL,NULL,NULL,Magicarpe,Magikarp,NULL,NULL,NULL,Magikarp,Magicarpe,Magikarp,NULL,NULL,NULL,NULL,NULL,NULL,NULL,NULL,NULL,NULL,NULL,NULL,,,NULL,NULL,NULL,NULL,NULL,WZST0035,NULL,NULL,NULL,NULL,NULL,1,1,1,0,0,NULL,0,1,NULL,35,,"Base Set",35/102,"Expansion Pack",Uncommon,Peucommune,Magikarp,—,NULL,コイキング,Koiking,Water,,NULL,0,Eau,30,NULL,NULL,NULL,NULL,NULL,NULL,NULL,NULL,NULL,NULL,NULL,NULL,NULL,NULL,NULL,NULL,NULL,NULL,NULL,1,0,NULL,NULL
36,1000003700,019,1,1,36,102,36/102,"Peu commune","Feu ",,Magmar,Magmar,NULL,NULL,NULL,NULL,Magmar,Magmar,NULL,NULL,NULL,Magmar,Magmar,Magmar,NULL,NULL,NULL,NULL,NULL,NULL,NULL,NULL,NULL,NULL,NULL,NULL,,,NULL,NULL,NULL,NULL,NULL,WZST0036,NULL,NULL,NULL,NULL,NULL,1,1,1,0,0,NULL,0,1,NULL,36,,"Base Set",36/102,"Expansion Pack",Uncommon,Peucommune,Magmar,—,NULL,ブーバー,Boober,Fire,,NULL,0,Feu,19,NULL,NULL,NULL,NULL,NULL,NULL,NULL,NULL,NULL,NULL,NULL,NULL,NULL,NULL,NULL,NULL,NULL,NULL,NULL,1,0,NULL,NULL
37,1000003800,009,1,1,37,102,37/102,"Peu commune","Plante ",,Nidorino,Nidorino,NULL,NULL,NULL,NULL,Nidorino,Nidorino,NULL,NULL,NULL,Nidorino,Nidorino,Nidorino,NULL,NULL,NULL,NULL,NULL,NULL,NULL,NULL,NULL,NULL,NULL,NULL,,,NULL,NULL,NULL,NULL,NULL,WZST0037,NULL,NULL,NULL,NULL,NULL,1,1,1,0,0,NULL,0,1,NULL,37,,"Base Set",37/102,"Expansion Pack",Uncommon,Peucommune,Nidorino,—,NULL,ニドリーノ,Nidorino,Grass,,NULL,0,Plante,9,NULL,NULL,NULL,NULL,NULL,NULL,NULL,NULL,NULL,NULL,NULL,NULL,NULL,NULL,NULL,NULL,NULL,NULL,NULL,1,0,NULL,NULL
38,1000003900,027,1,1,38,102,38/102,"Peu commune","Eau ",,Têtarte,Poliwhirl,NULL,NULL,NULL,NULL,Têtarte,Poliwhirl,NULL,NULL,NULL,Poliwhirl,Têtarte,Poliwhirl,NULL,NULL,NULL,NULL,NULL,NULL,NULL,NULL,NULL,NULL,NULL,NULL,,,NULL,NULL,NULL,NULL,NULL,WZST0038,NULL,NULL,NULL,NULL,NULL,1,1,1,0,0,NULL,0,1,NULL,38,,"Base Set",38/102,"Expansion Pack",Uncommon,Peucommune,Poliwhirl,—,NULL,ニョロゾ,Nyorozo,Water,,NULL,0,Eau,27,NULL,NULL,NULL,NULL,NULL,NULL,NULL,NULL,NULL,NULL,NULL,NULL,NULL,NULL,NULL,NULL,NULL,NULL,NULL,1,0,NULL,NULL
39,1000004000,063,1,1,39,102,39/102,"Peu commune","Incolore ",,Porygon,Porygon,NULL,NULL,NULL,NULL,Porygon,Porygon,NULL,NULL,NULL,Porygon,Porygon,Porygon,NULL,NULL,NULL,NULL,NULL,NULL,NULL,NULL,NULL,NULL,NULL,NULL,,,NULL,NULL,NULL,NULL,NULL,WZST0039,NULL,NULL,NULL,NULL,NULL,1,1,1,0,0,NULL,0,1,NULL,39,,"Base Set",39/102,"Expansion Pack",Uncommon,Peucommune,Porygon,—,NULL,ポリゴン,Porygon,Colorless,,NULL,0,Incolore,63,NULL,NULL,NULL,NULL,NULL,NULL,NULL,NULL,NULL,NULL,NULL,NULL,NULL,NULL,NULL,NULL,NULL,NULL,NULL,1,0,NULL,NULL
40,1000004100,061,1,1,40,102,40/102,"Peu commune","Incolore ",,Rattatac,Raticate,NULL,NULL,NULL,NULL,Rattatac,Raticate,NULL,NULL,NULL,Raticate,Rattatac,Raticate,NULL,NULL,NULL,NULL,NULL,NULL,NULL,NULL,NULL,NULL,NULL,NULL,,,NULL,NULL,NULL,NULL,NULL,WZST0040,NULL,NULL,NULL,NULL,NULL,1,1,1,0,0,NULL,0,1,NULL,40,,"Base Set",40/102,"Expansion Pack",Uncommon,Peucommune,Raticate,—,NULL,ラッタ,Ratta,Colorless,,NULL,0,Incolore,61,NULL,NULL,NULL,NULL,NULL,NULL,NULL,NULL,NULL,NULL,NULL,NULL,NULL,NULL,NULL,NULL,NULL,NULL,NULL,1,0,NULL,NULL
41,1000004200,028,1,1,41,102,41/102,"Peu commune","Eau ",,Otaria,Seel,NULL,NULL,NULL,NULL,Otaria,Seel,NULL,NULL,NULL,Seel,Otaria,Seel,NULL,NULL,NULL,NULL,NULL,NULL,NULL,NULL,NULL,NULL,NULL,NULL,,,NULL,NULL,NULL,NULL,NULL,WZST0041,NULL,NULL,NULL,NULL,NULL,1,1,1,0,0,NULL,0,1,NULL,41,,"Base Set",41/102,"Expansion Pack",Uncommon,Peucommune,Seel,—,NULL,パウワウ,Pawou,Water,,NULL,0,Eau,28,NULL,NULL,NULL,NULL,NULL,NULL,NULL,NULL,NULL,NULL,NULL,NULL,NULL,NULL,NULL,NULL,NULL,NULL,NULL,1,0,NULL,NULL
42,1000004300,026,1,1,42,102,42/102,"Peu commune","Eau ",,Carabaffe,Wartortle,NULL,NULL,NULL,NULL,Carabaffe,Wartortle,NULL,NULL,NULL,Wartortle,Carabaffe,Wartortle,NULL,NULL,NULL,NULL,NULL,NULL,NULL,NULL,NULL,NULL,NULL,NULL,,,NULL,NULL,NULL,NULL,NULL,WZST0042,NULL,NULL,NULL,NULL,NULL,1,1,1,0,0,NULL,0,1,NULL,42,,"Base Set",42/102,"Expansion Pack",Uncommon,Peucommune,Wartortle,—,NULL,カメール,Kameil,Water,,NULL,0,Eau,26,NULL,NULL,NULL,NULL,NULL,NULL,NULL,NULL,NULL,NULL,NULL,NULL,NULL,NULL,NULL,NULL,NULL,NULL,NULL,1,0,NULL,NULL
43,1000004400,042,1,1,43,102,43/102,Commune,"Psy ",,Abra,Abra,NULL,NULL,NULL,NULL,Abra,Abra,NULL,NULL,NULL,Abra,Abra,Abra,NULL,NULL,NULL,NULL,NULL,NULL,NULL,NULL,NULL,NULL,NULL,NULL,,,NULL,NULL,NULL,NULL,NULL,WZST0043,NULL,NULL,NULL,NULL,NULL,1,1,1,0,0,NULL,0,1,NULL,43,,"Base Set",43/102,"Expansion Pack",Common,Commune,Abra,—,NULL,ケーシィ,Casey,Psychic,,NULL,0,Psy,42,NULL,NULL,NULL,NULL,NULL,NULL,NULL,NULL,NULL,NULL,NULL,NULL,NULL,NULL,NULL,NULL,NULL,NULL,NULL,1,0,NULL,NULL
44,1000004500,000,1,1,44,102,44/102,Commune,"Plante ",,Bulbizarre,Bulbasaur,NULL,NULL,NULL,NULL,Bulbizarre,Bulbasaur,NULL,NULL,NULL,Bulbasaur,Bulbizarre,Bulbasaur,NULL,NULL,NULL,NULL,NULL,NULL,NULL,NULL,NULL,NULL,NULL,NULL,,,NULL,NULL,NULL,NULL,NULL,WZST0044,NULL,NULL,NULL,NULL,NULL,1,1,1,0,0,NULL,0,1,NULL,44,,"Base Set",44/102,"Expansion Pack",Common,Commune,Bulbasaur,—,NULL,フシギダネ,Fushigidane,Grass,,NULL,0,Plante,0,NULL,NULL,NULL,NULL,NULL,NULL,NULL,NULL,NULL,NULL,NULL,NULL,NULL,NULL,NULL,NULL,NULL,NULL,NULL,1,0,NULL,NULL
45,1000004600,001,1,1,45,102,45/102,Commune,"Plante ",,Chenipan,Caterpie,NULL,NULL,NULL,NULL,Chenipan,Caterpie,NULL,NULL,NULL,Caterpie,Chenipan,Caterpie,NULL,NULL,NULL,NULL,NULL,NULL,NULL,NULL,NULL,NULL,NULL,NULL,,,NULL,NULL,NULL,NULL,NULL,WZST0045,NULL,NULL,NULL,NULL,NULL,1,1,1,0,0,NULL,0,1,NULL,45,,"Base Set",45/102,"Expansion Pack",Common,Commune,Caterpie,—,NULL,キャタピー,Caterpie,Grass,,NULL,0,Plante,1,NULL,NULL,NULL,NULL,NULL,NULL,NULL,NULL,NULL,NULL,NULL,NULL,NULL,NULL,NULL,NULL,NULL,NULL,NULL,1,0,NULL,NULL
46,1000004700,013,1,1,46,102,46/102,Commune,"Feu ",,Salamèche,Charmander,NULL,NULL,NULL,NULL,Salamèche,Charmander,NULL,NULL,NULL,Charmander,Salamèche,Charmander,NULL,NULL,NULL,NULL,NULL,NULL,NULL,NULL,NULL,NULL,NULL,NULL,,,NULL,NULL,NULL,NULL,NULL,WZST0046,NULL,NULL,NULL,NULL,NULL,1,1,1,0,0,NULL,0,1,NULL,46,,"Base Set",46/102,"Expansion Pack",Common,Commune,Charmander,—,NULL,ヒトカゲ,Hitokage,Fire,,NULL,0,Feu,13,NULL,NULL,NULL,NULL,NULL,NULL,NULL,NULL,NULL,NULL,NULL,NULL,NULL,NULL,NULL,NULL,NULL,NULL,NULL,1,0,NULL,NULL
47,1000004800,051,1,1,47,102,47/102,Commune,"Combat ",,Taupiqueur,Diglett,NULL,NULL,NULL,NULL,Taupiqueur,Diglett,NULL,NULL,NULL,Diglett,Taupiqueur,Diglett,NULL,NULL,NULL,NULL,NULL,NULL,NULL,NULL,NULL,NULL,NULL,NULL,,,NULL,NULL,NULL,NULL,NULL,WZST0047,NULL,NULL,NULL,NULL,NULL,1,1,1,0,0,NULL,0,1,NULL,47,,"Base Set",47/102,"Expansion Pack",Common,Commune,Diglett,—,NULL,ディグダ,Digda,Fighting,,NULL,0,Combat,51,NULL,NULL,NULL,NULL,NULL,NULL,NULL,NULL,NULL,NULL,NULL,NULL,NULL,NULL,NULL,NULL,NULL,NULL,NULL,1,0,NULL,NULL
48,1000004900,060,1,1,48,102,48/102,Commune,"Incolore ",,Doduo,Doduo,NULL,NULL,NULL,NULL,Doduo,Doduo,NULL,NULL,NULL,Doduo,Doduo,Doduo,NULL,NULL,NULL,NULL,NULL,NULL,NULL,NULL,NULL,NULL,NULL,NULL,,,NULL,NULL,NULL,NULL,NULL,WZST0048,NULL,NULL,NULL,NULL,NULL,1,1,1,0,0,NULL,0,1,NULL,48,,"Base Set",48/102,"Expansion Pack",Common,Commune,Doduo,—,NULL,ドードー,Dodo,Colorless,,NULL,0,Incolore,60,NULL,NULL,NULL,NULL,NULL,NULL,NULL,NULL,NULL,NULL,NULL,NULL,NULL,NULL,NULL,NULL,NULL,NULL,NULL,1,0,NULL,NULL
49,1000005000,044,1,1,49,102,49/102,Commune,"Psy ",,Soporifik,Drowzee,NULL,NULL,NULL,NULL,Soporifik,Drowzee,NULL,NULL,NULL,Drowzee,Soporifik,Drowzee,NULL,NULL,NULL,NULL,NULL,NULL,NULL,NULL,NULL,NULL,NULL,NULL,,,NULL,NULL,NULL,NULL,NULL,WZST0049,NULL,NULL,NULL,NULL,NULL,1,1,1,0,0,NULL,0,1,NULL,49,,"Base Set",49/102,"Expansion Pack",Common,Commune,Drowzee,—,NULL,スリープ,Sleepe,Psychic,,NULL,0,Psy,44,NULL,NULL,NULL,NULL,NULL,NULL,NULL,NULL,NULL,NULL,NULL,NULL,NULL,NULL,NULL,NULL,NULL,NULL,NULL,1,0,NULL,NULL
50,1000005100,043,1,1,50,102,50/102,Commune,"Psy ",,Fantominus,Gastly,NULL,NULL,NULL,NULL,Fantominus,Gastly,NULL,NULL,NULL,Gastly,Fantominus,Gastly,NULL,NULL,NULL,NULL,NULL,NULL,NULL,NULL,NULL,NULL,NULL,NULL,,,NULL,NULL,NULL,NULL,NULL,WZST0050,NULL,NULL,NULL,NULL,NULL,1,1,1,0,0,NULL,0,1,NULL,50,,"Base Set",50/102,"Expansion Pack",Common,Commune,Gastly,—,NULL,ゴース,Ghos,Psychic,,NULL,0,Psy,43,NULL,NULL,NULL,NULL,NULL,NULL,NULL,NULL,NULL,NULL,NULL,NULL,NULL,NULL,NULL,NULL,NULL,NULL,NULL,1,0,NULL,NULL
51,1000005200,005,1,1,51,102,51/102,Commune,"Plante ",,Smogo,Koffing,NULL,NULL,NULL,NULL,Smogo,Koffing,NULL,NULL,NULL,Koffing,Smogo,Koffing,NULL,NULL,NULL,NULL,NULL,NULL,NULL,NULL,NULL,NULL,NULL,NULL,,,NULL,NULL,NULL,NULL,NULL,WZST0051,NULL,NULL,NULL,NULL,NULL,1,1,1,0,0,NULL,0,1,NULL,51,,"Base Set",51/102,"Expansion Pack",Common,Commune,Koffing,—,NULL,ドガース,Dogars,Grass,,NULL,0,Plante,5,NULL,NULL,NULL,NULL,NULL,NULL,NULL,NULL,NULL,NULL,NULL,NULL,NULL,NULL,NULL,NULL,NULL,NULL,NULL,1,0,NULL,NULL
52,1000005300,052,1,1,52,102,52/102,Commune,"Combat ",,Machoc,Machop,NULL,NULL,NULL,NULL,Machoc,Machop,NULL,NULL,NULL,Machop,Machoc,Machop,NULL,NULL,NULL,NULL,NULL,NULL,NULL,NULL,NULL,NULL,NULL,NULL,,,NULL,NULL,NULL,NULL,NULL,WZST0052,NULL,NULL,NULL,NULL,NULL,1,1,1,0,0,NULL,0,1,NULL,52,,"Base Set",52/102,"Expansion Pack",Common,Commune,Machop,—,NULL,ワンリキー,Wanriky,Fighting,,NULL,0,Combat,52,NULL,NULL,NULL,NULL,NULL,NULL,NULL,NULL,NULL,NULL,NULL,NULL,NULL,NULL,NULL,NULL,NULL,NULL,NULL,1,0,NULL,NULL
53,1000005400,035,1,1,53,102,53/102,Commune,"Élektrik ",,Magneti,Magnemite,NULL,NULL,NULL,NULL,Magneti,Magnemite,NULL,NULL,NULL,Magnemite,Magneti,Magnemite,NULL,NULL,NULL,NULL,NULL,NULL,NULL,NULL,NULL,NULL,NULL,NULL,,,NULL,NULL,NULL,NULL,NULL,WZST0053,NULL,NULL,NULL,NULL,NULL,1,1,1,0,0,NULL,0,1,NULL,53,,"Base Set",53/102,"Expansion Pack",Common,Commune,Magnemite,—,NULL,コイル,Coil,Lightning,,NULL,0,Elektrik,35,NULL,NULL,NULL,NULL,NULL,NULL,NULL,NULL,NULL,NULL,NULL,NULL,NULL,NULL,NULL,NULL,NULL,NULL,NULL,1,0,NULL,NULL
54,1000005500,002,1,1,54,102,54/102,Commune,"Plante ",,Chrysacier,Metapod,NULL,NULL,NULL,NULL,Chrysacier,Metapod,NULL,NULL,NULL,Metapod,Chrysacier,Metapod,NULL,NULL,NULL,NULL,NULL,NULL,NULL,NULL,NULL,NULL,NULL,NULL,,,NULL,NULL,NULL,NULL,NULL,WZST0054,NULL,NULL,NULL,NULL,NULL,1,1,1,0,0,NULL,0,1,NULL,54,,"Base Set",54/102,"Expansion Pack",Common,Commune,Metapod,—,NULL,トランセル,Transel,Grass,,NULL,0,Plante,2,NULL,NULL,NULL,NULL,NULL,NULL,NULL,NULL,NULL,NULL,NULL,NULL,NULL,NULL,NULL,NULL,NULL,NULL,NULL,1,0,NULL,NULL
55,1000005600,004,1,1,55,102,55/102,Commune,"Plante ",,Nidoran,Nidoran,NULL,NULL,NULL,NULL,Nidoran,Nidoran,NULL,NULL,NULL,Nidoran,Nidoran♂,Nidoran♂,NULL,NULL,NULL,NULL,NULL,NULL,NULL,NULL,NULL,NULL,NULL,NULL,,,NULL,NULL,NULL,NULL,NULL,WZST0055,NULL,NULL,NULL,NULL,NULL,1,1,1,0,0,NULL,0,1,NULL,55,,"Base Set",55/102,"Expansion Pack",Common,Commune,Nidoran♂,—,NULL,ニドラン♂,Nidoran♂,Grass,,NULL,0,Plante,4,NULL,NULL,NULL,NULL,NULL,NULL,NULL,NULL,NULL,NULL,NULL,NULL,NULL,NULL,NULL,NULL,NULL,NULL,NULL,1,0,NULL,NULL
56,1000005700,053,1,1,56,102,56/102,Commune,"Combat ",,Onix,Onix,NULL,NULL,NULL,NULL,Onix,Onix,NULL,NULL,NULL,Onix,Onix,Onix,NULL,NULL,NULL,NULL,NULL,NULL,NULL,NULL,NULL,NULL,NULL,NULL,,,NULL,NULL,NULL,NULL,NULL,WZST0056,NULL,NULL,NULL,NULL,NULL,1,1,1,0,0,NULL,0,1,NULL,56,,"Base Set",56/102,"Expansion Pack",Common,Commune,Onix,—,NULL,イワーク,Iwark,Fighting,,NULL,0,Combat,53,NULL,NULL,NULL,NULL,NULL,NULL,NULL,NULL,NULL,NULL,NULL,NULL,NULL,NULL,NULL,NULL,NULL,NULL,NULL,1,0,NULL,NULL
57,1000005800,058,1,1,57,102,57/102,Commune,"Incolore ",,Roucool,Pidgey,NULL,NULL,NULL,NULL,Roucool,Pidgey,NULL,NULL,NULL,Pidgey,Roucool,Pidgey,NULL,NULL,NULL,NULL,NULL,NULL,NULL,NULL,NULL,NULL,NULL,NULL,,,NULL,NULL,NULL,NULL,NULL,WZST0057,NULL,NULL,NULL,NULL,NULL,1,1,1,0,0,NULL,0,1,NULL,57,,"Base Set",57/102,"Expansion Pack",Common,Commune,Pidgey,—,NULL,ポッポ,Poppo,Colorless,,NULL,0,Incolore,58,NULL,NULL,NULL,NULL,NULL,NULL,NULL,NULL,NULL,NULL,NULL,NULL,NULL,NULL,NULL,NULL,NULL,NULL,NULL,1,0,NULL,NULL
58,1000005900,034,1,1,58,102,58/102,Commune,"Élektrik ",,Pikachu,Pikachu,NULL,NULL,NULL,NULL,Pikachu,Pikachu,NULL,NULL,NULL,Pikachu,Pikachu,Pikachu,NULL,NULL,NULL,NULL,NULL,NULL,NULL,NULL,NULL,NULL,NULL,NULL,,,NULL,NULL,NULL,NULL,NULL,WZST0058,NULL,NULL,NULL,NULL,NULL,1,1,1,0,0,NULL,0,1,NULL,58,,"Base Set",58/102,"Expansion Pack",Common,Commune,Pikachu,—,NULL,ピカチュウ,Pikachu,Lightning,,NULL,0,Elektrik,34,NULL,NULL,NULL,NULL,NULL,NULL,NULL,NULL,NULL,NULL,NULL,NULL,NULL,NULL,NULL,NULL,NULL,NULL,NULL,1,0,NULL,NULL
59,1000006300,023,1,1,59,102,59/102,Commune,"Eau ",,Ptitard,Poliwag,NULL,NULL,NULL,NULL,Ptitard,Poliwag,NULL,NULL,NULL,Poliwag,Ptitard,Poliwag,NULL,NULL,NULL,NULL,NULL,NULL,NULL,NULL,NULL,NULL,NULL,NULL,,,NULL,NULL,NULL,NULL,NULL,WZST0059,NULL,NULL,NULL,NULL,NULL,1,1,1,0,0,NULL,0,1,NULL,59,,"Base Set",59/102,"Expansion Pack",Common,Commune,Poliwag,—,NULL,ニョロモ,Nyoromo,Water,,NULL,0,Eau,23,NULL,NULL,NULL,NULL,NULL,NULL,NULL,NULL,NULL,NULL,NULL,NULL,NULL,NULL,NULL,NULL,NULL,NULL,NULL,1,0,NULL,NULL
60,1000006400,015,1,1,60,102,60/102,Commune,"Feu ",,Ponyta,Ponyta,NULL,NULL,NULL,NULL,Ponyta,Ponyta,NULL,NULL,NULL,Ponyta,Ponyta,Ponyta,NULL,NULL,NULL,NULL,NULL,NULL,NULL,NULL,NULL,NULL,NULL,NULL,,,NULL,NULL,NULL,NULL,NULL,WZST0060,NULL,NULL,NULL,NULL,NULL,1,1,1,0,0,NULL,0,1,NULL,60,,"Base Set",60/102,"Expansion Pack",Common,Commune,Ponyta,—,NULL,ポニータ,Ponyta,Fire,,NULL,0,Feu,15,NULL,NULL,NULL,NULL,NULL,NULL,NULL,NULL,NULL,NULL,NULL,NULL,NULL,NULL,NULL,NULL,NULL,NULL,NULL,1,0,NULL,NULL
61,1000006500,059,1,1,61,102,61/102,Commune,"Incolore ",,Rattata,Rattata,NULL,NULL,NULL,NULL,Rattata,Rattata,NULL,NULL,NULL,Rattata,Rattata,Rattata,NULL,NULL,NULL,NULL,NULL,NULL,NULL,NULL,NULL,NULL,NULL,NULL,,,NULL,NULL,NULL,NULL,NULL,WZST0061,NULL,NULL,NULL,NULL,NULL,1,1,1,0,0,NULL,0,1,NULL,61,,"Base Set",61/102,"Expansion Pack",Common,Commune,Rattata,—,NULL,コラッタ,Koratta,Colorless,,NULL,0,Incolore,59,NULL,NULL,NULL,NULL,NULL,NULL,NULL,NULL,NULL,NULL,NULL,NULL,NULL,NULL,NULL,NULL,NULL,NULL,NULL,1,0,NULL,NULL
62,1000006600,050,1,1,62,102,62/102,Commune,"Combat ",,Sabelette,Sandshrew,NULL,NULL,NULL,NULL,Sabelette,Sandshrew,NULL,NULL,NULL,Sandshrew,Sabelette,Sandshrew,NULL,NULL,NULL,NULL,NULL,NULL,NULL,NULL,NULL,NULL,NULL,NULL,,,NULL,NULL,NULL,NULL,NULL,WZST0062,NULL,NULL,NULL,NULL,NULL,1,1,1,0,0,NULL,0,1,NULL,62,,"Base Set",62/102,"Expansion Pack",Common,Commune,Sandshrew,—,NULL,サンド,Sand,Fighting,,NULL,0,Combat,50,NULL,NULL,NULL,NULL,NULL,NULL,NULL,NULL,NULL,NULL,NULL,NULL,NULL,NULL,NULL,NULL,NULL,NULL,NULL,1,0,NULL,NULL
63,1000006700,022,1,1,63,102,63/102,Commune,"Eau ",,Carapuce,Squirtle,NULL,NULL,NULL,NULL,Carapuce,Squirtle,NULL,NULL,NULL,Squirtle,Carapuce,Squirtle,NULL,NULL,NULL,NULL,NULL,NULL,NULL,NULL,NULL,NULL,NULL,NULL,,,NULL,NULL,NULL,NULL,NULL,WZST0063,NULL,NULL,NULL,NULL,NULL,1,1,1,0,0,NULL,0,1,NULL,63,,"Base Set",63/102,"Expansion Pack",Common,Commune,Squirtle,—,NULL,ゼニガメ,Zenigame,Water,,NULL,0,Eau,22,NULL,NULL,NULL,NULL,NULL,NULL,NULL,NULL,NULL,NULL,NULL,NULL,NULL,NULL,NULL,NULL,NULL,NULL,NULL,1,0,NULL,NULL
64,1000006800,025,1,1,64,102,64/102,Commune,"Eau ",,Staross,Starmie,NULL,NULL,NULL,NULL,Staross,Starmie,NULL,NULL,NULL,Starmie,Staross,Starmie,NULL,NULL,NULL,NULL,NULL,NULL,NULL,NULL,NULL,NULL,NULL,NULL,,,NULL,NULL,NULL,NULL,NULL,WZST0064,NULL,NULL,NULL,NULL,NULL,1,1,1,0,0,NULL,0,1,NULL,64,,"Base Set",64/102,"Expansion Pack",Common,Commune,Starmie,—,NULL,スターミー,Starmie,Water,,NULL,0,Eau,25,NULL,NULL,NULL,NULL,NULL,NULL,NULL,NULL,NULL,NULL,NULL,NULL,NULL,NULL,NULL,NULL,NULL,NULL,NULL,1,0,NULL,NULL
65,1000006900,024,1,1,65,102,65/102,Commune,"Eau ",,Stari,Staryu,NULL,NULL,NULL,NULL,Stari,Staryu,NULL,NULL,NULL,Staryu,Stari,Staryu,NULL,NULL,NULL,NULL,NULL,NULL,NULL,NULL,NULL,NULL,NULL,NULL,,,NULL,NULL,NULL,NULL,NULL,WZST0065,NULL,NULL,NULL,NULL,NULL,1,1,1,0,0,NULL,0,1,NULL,65,,"Base Set",65/102,"Expansion Pack",Common,Commune,Staryu,—,NULL,ヒトデマン,Hitodeman,Water,,NULL,0,Eau,24,NULL,NULL,NULL,NULL,NULL,NULL,NULL,NULL,NULL,NULL,NULL,NULL,NULL,NULL,NULL,NULL,NULL,NULL,NULL,1,0,NULL,NULL
66,1000007000,006,1,1,66,102,66/102,Commune,"Plante ",,Saquedeneu,Tangela,NULL,NULL,NULL,NULL,Saquedeneu,Tangela,NULL,NULL,NULL,Tangela,Saquedeneu,Tangela,NULL,NULL,NULL,NULL,NULL,NULL,NULL,NULL,NULL,NULL,NULL,NULL,,,NULL,NULL,NULL,NULL,NULL,WZST0066,NULL,NULL,NULL,NULL,NULL,1,1,1,0,0,NULL,0,1,NULL,66,,"Base Set",66/102,"Expansion Pack",Common,Commune,Tangela,—,NULL,モンジャラ,Monjara,Grass,,NULL,0,Plante,6,NULL,NULL,NULL,NULL,NULL,NULL,NULL,NULL,NULL,NULL,NULL,NULL,NULL,NULL,NULL,NULL,NULL,NULL,NULL,1,0,NULL,NULL
67,1000007100,036,1,1,67,102,67/102,Commune,"Élektrik ",,Voltorbe,Voltorb,NULL,NULL,NULL,NULL,Voltorbe,Voltorb,NULL,NULL,NULL,Voltorb,Voltorbe,Voltorb,NULL,NULL,NULL,NULL,NULL,NULL,NULL,NULL,NULL,NULL,NULL,NULL,,,NULL,NULL,NULL,NULL,NULL,WZST0067,NULL,NULL,NULL,NULL,NULL,1,1,1,0,0,NULL,0,1,NULL,67,,"Base Set",67/102,"Expansion Pack",Common,Commune,Voltorb,—,NULL,ビリリダマ,Biriridama,Lightning,,NULL,0,Elektrik,36,NULL,NULL,NULL,NULL,NULL,NULL,NULL,NULL,NULL,NULL,NULL,NULL,NULL,NULL,NULL,NULL,NULL,NULL,NULL,1,0,NULL,NULL
68,1000007200,014,1,1,68,102,68/102,Commune,"Feu ",,Goupix,Vulpix,NULL,NULL,NULL,NULL,Goupix,Vulpix,NULL,NULL,NULL,Vulpix,Goupix,Vulpix,NULL,NULL,NULL,NULL,NULL,NULL,NULL,NULL,NULL,NULL,NULL,NULL,,,NULL,NULL,NULL,NULL,NULL,WZST0068,NULL,NULL,NULL,NULL,NULL,1,1,1,0,0,NULL,0,1,NULL,68,,"Base Set",68/102,"Expansion Pack",Common,Commune,Vulpix,—,NULL,ロコン,Rokon,Fire,,NULL,0,Feu,14,NULL,NULL,NULL,NULL,NULL,NULL,NULL,NULL,NULL,NULL,NULL,NULL,NULL,NULL,NULL,NULL,NULL,NULL,NULL,1,0,NULL,NULL
69,1000007300,003,1,1,69,102,69/102,Commune,"Plante ",,Aspicot,Weedle,NULL,NULL,NULL,NULL,Aspicot,Weedle,NULL,NULL,NULL,Weedle,Aspicot,Weedle,NULL,NULL,NULL,NULL,NULL,NULL,NULL,NULL,NULL,NULL,NULL,NULL,,,NULL,NULL,NULL,NULL,NULL,WZST0069,NULL,NULL,NULL,NULL,NULL,1,1,1,0,0,NULL,0,1,NULL,69,,"Base Set",69/102,"Expansion Pack",Common,Commune,Weedle,—,NULL,ビードル,Beedle,Grass,,NULL,0,Plante,3,NULL,NULL,NULL,NULL,NULL,NULL,NULL,NULL,NULL,NULL,NULL,NULL,NULL,NULL,NULL,NULL,NULL,NULL,NULL,1,0,NULL,NULL
70,1000007400,090,1,1,70,102,70/102,Rare,"Dresseur ",,"Peluche Mélofée","Clefairy Doll",NULL,NULL,NULL,NULL,"Peluche Mélofée","Clefairy Doll",NULL,NULL,NULL,"Clefairy Doll","Peluche Mélofée","Clefairy Doll",NULL,NULL,NULL,NULL,NULL,NULL,NULL,NULL,NULL,NULL,NULL,NULL,,,NULL,NULL,NULL,NULL,NULL,WZST0070,NULL,NULL,NULL,NULL,NULL,1,1,1,0,0,NULL,0,1,NULL,70,,"Base Set",70/102,"Expansion Pack",Rare,Rare,"Clefairy Doll",—,NULL,ピッピ人形,"Pippi Doll",T,,NULL,0,Dresseur,90,NULL,NULL,NULL,NULL,NULL,NULL,NULL,NULL,NULL,NULL,NULL,NULL,NULL,NULL,NULL,NULL,NULL,NULL,NULL,1,0,NULL,NULL
71,1000007500,089,1,1,71,102,71/102,Rare,"Dresseur ",,"Recherche Informatique","Computer Search",NULL,NULL,NULL,NULL,"Recherche Informatique","Computer Search",NULL,NULL,NULL,"Computer Search","Recherche Informatique","Computer Search",NULL,NULL,NULL,NULL,NULL,NULL,NULL,NULL,NULL,NULL,NULL,NULL,,,NULL,NULL,NULL,NULL,NULL,WZST0071,NULL,NULL,NULL,NULL,NULL,1,1,1,0,0,NULL,0,1,NULL,71,,"Base Set",71/102,"Expansion Pack",Rare,Rare,"Computer Search",—,NULL,パソコン通信,"Personal Computer Communication",T,,NULL,0,Dresseur,89,NULL,NULL,NULL,NULL,NULL,NULL,NULL,NULL,NULL,NULL,NULL,NULL,NULL,NULL,NULL,NULL,NULL,NULL,NULL,1,0,NULL,NULL
72,1000007600,085,1,1,72,102,72/102,Rare,"Dresseur ",,"Vaporisateur rétrograde","Devolution Spray",NULL,NULL,NULL,NULL,"Vaporisateur rétrograde","Devolution Spray",NULL,NULL,NULL,"Devolution Spray","Vaporisateur rétrograde","Devolution Spray",NULL,NULL,NULL,NULL,NULL,NULL,NULL,NULL,NULL,NULL,NULL,NULL,,,NULL,NULL,NULL,NULL,NULL,WZST0072,NULL,NULL,NULL,NULL,NULL,1,1,1,0,0,NULL,0,1,NULL,72,,"Base Set",72/102,"Expansion Pack",Rare,Rare,"Devolution Spray",—,NULL,退化スプレー,"Degeneration Spray",T,,NULL,0,Dresseur,85,NULL,NULL,NULL,NULL,NULL,NULL,NULL,NULL,NULL,NULL,NULL,NULL,NULL,NULL,NULL,NULL,NULL,NULL,NULL,1,0,NULL,NULL
73,1000007700,088,1,1,73,102,73/102,Rare,"Dresseur ",,"Faux Professeur Chen","Impostor Professor Oak",NULL,NULL,NULL,NULL,"Faux Professeur Chen","Impostor Professor Oak",NULL,NULL,NULL,"Impostor Professor Oak","Faux Professeur Chen","Impostor Professor Oak",NULL,NULL,NULL,NULL,NULL,NULL,NULL,NULL,NULL,NULL,NULL,NULL,,,NULL,NULL,NULL,NULL,NULL,WZST0073,NULL,NULL,NULL,NULL,NULL,1,1,1,0,0,NULL,0,1,NULL,73,,"Base Set",73/102,"Expansion Pack",Rare,Rare,"Impostor Professor Oak",—,NULL,にせオーキドはかせ,"False Doctor Okido",T,,NULL,0,Dresseur,88,NULL,NULL,NULL,NULL,NULL,NULL,NULL,NULL,NULL,NULL,NULL,NULL,NULL,NULL,NULL,NULL,NULL,NULL,NULL,1,0,NULL,NULL
74,1000007800,086,1,1,74,102,74/102,Rare,"Dresseur ",,Récupérateur,"Item Finder",NULL,NULL,NULL,NULL,Récupérateur,"Item Finder",NULL,NULL,NULL,"Item Finder",Récupérateur,"Item Finder",NULL,NULL,NULL,NULL,NULL,NULL,NULL,NULL,NULL,NULL,NULL,NULL,,,NULL,NULL,NULL,NULL,NULL,WZST0074,NULL,NULL,NULL,NULL,NULL,1,1,1,0,0,NULL,0,1,NULL,74,,"Base Set",74/102,"Expansion Pack",Rare,Rare,"Item Finder",—,NULL,ダウジングマシーン,"Dowsing Machine",T,,NULL,0,Dresseur,86,NULL,NULL,NULL,NULL,NULL,NULL,NULL,NULL,NULL,NULL,NULL,NULL,NULL,NULL,NULL,NULL,NULL,NULL,NULL,1,0,NULL,NULL
75,1000007900,094,1,1,75,102,75/102,Rare,"Dresseur ",,Fillette,Lass,NULL,NULL,NULL,NULL,Fillette,Lass,NULL,NULL,NULL,Lass,Fillette,Lass,NULL,NULL,NULL,NULL,NULL,NULL,NULL,NULL,NULL,NULL,NULL,NULL,,,NULL,NULL,NULL,NULL,NULL,WZST0075,NULL,NULL,NULL,NULL,NULL,1,1,1,0,0,NULL,0,1,NULL,75,,"Base Set",75/102,"Expansion Pack",Rare,Rare,Lass,—,NULL,ミニスカート,Miniskirt,T,,NULL,0,Dresseur,94,NULL,NULL,NULL,NULL,NULL,NULL,NULL,NULL,NULL,NULL,NULL,NULL,NULL,NULL,NULL,NULL,NULL,NULL,NULL,1,0,NULL,NULL
76,1000008000,093,1,1,76,102,76/102,Rare,"Dresseur ",,"Eleveur de Pokémon","Pokémon Breeder",NULL,NULL,NULL,NULL,"Éleveur de Pokémon","Pokémon Breeder",NULL,NULL,NULL,"Pokémon Breeder","Éleveur de Pokémon","Pokémon Breeder",NULL,NULL,NULL,NULL,NULL,NULL,NULL,NULL,NULL,NULL,NULL,NULL,,,NULL,NULL,NULL,NULL,NULL,WZST0076,NULL,NULL,NULL,NULL,NULL,1,1,1,0,0,NULL,0,1,NULL,76,,"Base Set",76/102,"Expansion Pack",Rare,Rare,"Pokémon Breeder",—,NULL,ポケモン育て屋さん,"Pokémon Day-Care Man",T,,NULL,0,Dresseur,93,NULL,NULL,NULL,NULL,NULL,NULL,NULL,NULL,NULL,NULL,NULL,NULL,NULL,NULL,NULL,NULL,NULL,NULL,NULL,1,0,NULL,NULL
77,1000008100,092,1,1,77,102,77/102,Rare,"Dresseur ",,"Marchand de Pokémon","Pokémon Trader",NULL,NULL,NULL,NULL,"Marchand de Pokémon","Pokémon Trader",NULL,NULL,NULL,"Pokémon Trader","Marchand de Pokémon","Pokémon Trader",NULL,NULL,NULL,NULL,NULL,NULL,NULL,NULL,NULL,NULL,NULL,NULL,,,NULL,NULL,NULL,NULL,NULL,WZST0077,NULL,NULL,NULL,NULL,NULL,1,1,1,0,0,NULL,0,1,NULL,77,,"Base Set",77/102,"Expansion Pack",Rare,Rare,"Pokémon Trader",—,NULL,ポケモン交換おじさん,"Pokémon Exchange Man",T,,NULL,0,Dresseur,92,NULL,NULL,NULL,NULL,NULL,NULL,NULL,NULL,NULL,NULL,NULL,NULL,NULL,NULL,NULL,NULL,NULL,NULL,NULL,1,0,NULL,NULL
78,1000008200,091,1,1,78,102,78/102,Rare,"Dresseur ",,Rappel,"Scoop Up",NULL,NULL,NULL,NULL,Rappel,"Scoop Up",NULL,NULL,NULL,"Scoop Up",Rappel,"Scoop Up",NULL,NULL,NULL,NULL,NULL,NULL,NULL,NULL,NULL,NULL,NULL,NULL,,,NULL,NULL,NULL,NULL,NULL,WZST0078,NULL,NULL,NULL,NULL,NULL,1,1,1,0,0,NULL,0,1,NULL,78,,"Base Set",78/102,"Expansion Pack",Rare,Rare,"Scoop Up",—,NULL,ポケモン回収,"Pokémon Recovery",T,,NULL,0,Dresseur,91,NULL,NULL,NULL,NULL,NULL,NULL,NULL,NULL,NULL,NULL,NULL,NULL,NULL,NULL,NULL,NULL,NULL,NULL,NULL,1,0,NULL,NULL
79,1000008300,087,1,1,79,102,79/102,Rare,"Dresseur ",,"Double Suppression Énergie","Super Energy Removal",NULL,NULL,NULL,NULL,"Double Suppr. d'Énergie","Super Energy Removal",NULL,NULL,NULL,"Super Energy Removal","Double Suppression d'Énergie","Super Energy Removal",NULL,NULL,NULL,NULL,NULL,NULL,NULL,NULL,NULL,NULL,NULL,NULL,,,NULL,NULL,NULL,NULL,NULL,WZST0079,NULL,NULL,NULL,NULL,NULL,1,1,1,0,0,NULL,0,1,NULL,79,,"Base Set",79/102,"Expansion Pack",Rare,Rare,"Super Energy Removal",—,NULL,超エネルギーリムーブ,"Super Energy Remove",T,,NULL,0,Dresseur,87,NULL,NULL,NULL,NULL,NULL,NULL,NULL,NULL,NULL,NULL,NULL,NULL,NULL,NULL,NULL,NULL,NULL,NULL,NULL,1,0,NULL,NULL
80,1000008400,078,1,1,80,102,80/102,"Peu commune","Dresseur ",,Defender,Defender,NULL,NULL,NULL,NULL,Defender,Defender,NULL,NULL,NULL,Defender,Defender,Defender,NULL,NULL,NULL,NULL,NULL,NULL,NULL,NULL,NULL,NULL,NULL,NULL,,,NULL,NULL,NULL,NULL,NULL,WZST0080,NULL,NULL,NULL,NULL,NULL,1,1,1,0,0,NULL,0,1,NULL,80,,"Base Set",80/102,"Expansion Pack",Uncommon,Peucommune,Defender,—,NULL,ディフェンダー,Defender,T,,NULL,0,Dresseur,78,NULL,NULL,NULL,NULL,NULL,NULL,NULL,NULL,NULL,NULL,NULL,NULL,NULL,NULL,NULL,NULL,NULL,NULL,NULL,1,0,NULL,NULL
81,1000008500,NULL,1,1,81,102,81/102,"Peu commune","Dresseur ",,"Sauvegarde energie","Energy Retrieval",NULL,NULL,NULL,NULL,"Sauvegarde d'Énergie","Energy Retrieval",NULL,NULL,NULL,"Energy Retrieval","Récupération d'Énergie","Energy Retrieval",NULL,NULL,NULL,NULL,NULL,NULL,NULL,NULL,NULL,NULL,NULL,NULL,,,NULL,NULL,NULL,NULL,NULL,WZST0081,NULL,NULL,NULL,NULL,NULL,1,1,0,0,0,NULL,0,1,NULL,81,NULL,"Base Set",NULL,"Expansion Pack",NULL,NULL,"Energy Retrieval",NULL,NULL,闘エネルギー,NULL,NULL,NULL,NULL,NULL,"Dresseur ",NULL,NULL,NULL,NULL,NULL,NULL,NULL,NULL,NULL,NULL,NULL,NULL,NULL,NULL,NULL,NULL,NULL,NULL,NULL,NULL,1,0,NULL,NULL
82,1000008600,079,1,1,82,102,82/102,"Peu commune","Dresseur ",,"Guérison Totale","Full Heal",NULL,NULL,NULL,NULL,"Guérison Totale","Full Heal",NULL,NULL,NULL,"Full Heal","Guérison Totale","Full Heal",NULL,NULL,NULL,NULL,NULL,NULL,NULL,NULL,NULL,NULL,NULL,NULL,,,NULL,NULL,NULL,NULL,NULL,WZST0082,NULL,NULL,NULL,NULL,NULL,1,1,1,0,0,NULL,0,1,NULL,82,,"Base Set",82/102,"Expansion Pack",Uncommon,Peucommune,"Full Heal",—,NULL,なんでもなおし,Heal-All,T,,NULL,0,Dresseur,79,NULL,NULL,NULL,NULL,NULL,NULL,NULL,NULL,NULL,NULL,NULL,NULL,NULL,NULL,NULL,NULL,NULL,NULL,NULL,1,0,NULL,NULL
83,1000008700,084,1,1,83,102,83/102,"Peu commune","Dresseur ",,Entretien,Maintenance,NULL,NULL,NULL,NULL,Entretien,Maintenance,NULL,NULL,NULL,Maintenance,Entretien,Maintenance,NULL,NULL,NULL,NULL,NULL,NULL,NULL,NULL,NULL,NULL,NULL,NULL,,,NULL,NULL,NULL,NULL,NULL,WZST0083,NULL,NULL,NULL,NULL,NULL,1,1,1,0,0,NULL,0,1,NULL,83,,"Base Set",83/102,"Expansion Pack",Uncommon,Peucommune,Maintenance,—,NULL,メンテナンス,Maintenance,T,,NULL,0,Dresseur,84,NULL,NULL,NULL,NULL,NULL,NULL,NULL,NULL,NULL,NULL,NULL,NULL,NULL,NULL,NULL,NULL,NULL,NULL,NULL,1,0,NULL,NULL
84,1000008800,080,1,1,84,102,84/102,"Peu commune","Dresseur ",,"Plus Power","Plus Power",NULL,NULL,NULL,NULL,PlusPower,PlusPower,NULL,NULL,NULL,PlusPower,PlusPower,PlusPower,NULL,NULL,NULL,NULL,NULL,NULL,NULL,NULL,NULL,NULL,NULL,NULL,,,NULL,NULL,NULL,NULL,NULL,WZST0084,NULL,NULL,NULL,NULL,NULL,1,1,1,0,0,NULL,0,1,NULL,84,,"Base Set",84/102,"Expansion Pack",Uncommon,Peucommune,PlusPower,—,NULL,プラスパワー,PlusPower,T,,NULL,0,Dresseur,80,NULL,NULL,NULL,NULL,NULL,NULL,NULL,NULL,NULL,NULL,NULL,NULL,NULL,NULL,NULL,NULL,NULL,NULL,NULL,1,0,NULL,NULL
85,1000008900,082,1,1,85,102,85/102,"Peu commune","Dresseur ",,"Centre Pokémon","Pokémon Center",NULL,NULL,NULL,NULL,"Centre Pokémon","Pokémon Center",NULL,NULL,NULL,"Pokémon Center","Centre Pokémon","Pokémon Center",NULL,NULL,NULL,NULL,NULL,NULL,NULL,NULL,NULL,NULL,NULL,NULL,,,NULL,NULL,NULL,NULL,NULL,WZST0085,NULL,NULL,NULL,NULL,NULL,1,1,1,0,0,NULL,0,1,NULL,85,,"Base Set",85/102,"Expansion Pack",Uncommon,Peucommune,"Pokémon Center",—,NULL,ポケモンセンター,"Pokémon Center",T,,NULL,0,Dresseur,82,NULL,NULL,NULL,NULL,NULL,NULL,NULL,NULL,NULL,NULL,NULL,NULL,NULL,NULL,NULL,NULL,NULL,NULL,NULL,1,0,NULL,NULL
86,1000009000,083,1,1,86,102,86/102,"Peu commune","Dresseur ",,"Flûte Pokémon","Pokémon Flute",NULL,NULL,NULL,NULL,"Flûte Pokémon","Pokémon Flute",NULL,NULL,NULL,"Pokémon Flute","Flûte Pokémon","Pokémon Flute",NULL,NULL,NULL,NULL,NULL,NULL,NULL,NULL,NULL,NULL,NULL,NULL,,,NULL,NULL,NULL,NULL,NULL,WZST0086,NULL,NULL,NULL,NULL,NULL,1,1,1,0,0,NULL,0,1,NULL,86,,"Base Set",86/102,"Expansion Pack",Uncommon,Peucommune,"Pokémon Flute",—,NULL,ポケモンの笛,"Pokémon Flute",T,,NULL,0,Dresseur,83,NULL,NULL,NULL,NULL,NULL,NULL,NULL,NULL,NULL,NULL,NULL,NULL,NULL,NULL,NULL,NULL,NULL,NULL,NULL,1,0,NULL,NULL
87,1000009100,081,1,1,87,102,87/102,"Peu commune","Dresseur ",,Pokédex,Pokédex,NULL,NULL,NULL,NULL,Pokédex,Pokédex,NULL,NULL,NULL,Pokédex,Pokédex,Pokédex,NULL,NULL,NULL,NULL,NULL,NULL,NULL,NULL,NULL,NULL,NULL,NULL,,,NULL,NULL,NULL,NULL,NULL,WZST0087,NULL,NULL,NULL,NULL,NULL,1,1,1,0,0,NULL,0,1,NULL,87,,"Base Set",87/102,"Expansion Pack",Uncommon,Peucommune,Pokédex,—,NULL,ポケモン図鑑,"Pokémon Illustrated Encyclopedia",T,,NULL,0,Dresseur,81,NULL,NULL,NULL,NULL,NULL,NULL,NULL,NULL,NULL,NULL,NULL,NULL,NULL,NULL,NULL,NULL,NULL,NULL,NULL,1,0,NULL,NULL
88,1000009200,076,1,1,88,102,88/102,"Peu commune","Dresseur ",,"Professeur Chen","Professor Oak",NULL,NULL,NULL,NULL,"Professeur Chen","Professor Oak",NULL,NULL,NULL,"Professor Oak","Professeur Chen","Professor Oak",NULL,NULL,NULL,NULL,NULL,NULL,NULL,NULL,NULL,NULL,NULL,NULL,,,NULL,NULL,NULL,NULL,NULL,WZST0088,NULL,NULL,NULL,NULL,NULL,1,1,1,0,0,NULL,0,1,NULL,88,,"Base Set",88/102,"Expansion Pack",Uncommon,Peucommune,"Professor Oak",—,NULL,オーキドはかせ,"Doctor Okido",T,,NULL,0,Dresseur,76,NULL,NULL,NULL,NULL,NULL,NULL,NULL,NULL,NULL,NULL,NULL,NULL,NULL,NULL,NULL,NULL,NULL,NULL,NULL,1,0,NULL,NULL
89,1000009300,077,1,1,89,102,89/102,"Peu commune","Dresseur ",,Réanimation,Revive,NULL,NULL,NULL,NULL,Réanimation,Revive,NULL,NULL,NULL,Revive,Réanimation,Revive,NULL,NULL,NULL,NULL,NULL,NULL,NULL,NULL,NULL,NULL,NULL,NULL,,,NULL,NULL,NULL,NULL,NULL,WZST0089,NULL,NULL,NULL,NULL,NULL,1,1,1,0,0,NULL,0,1,NULL,89,,"Base Set",89/102,"Expansion Pack",Uncommon,Peucommune,Revive,—,NULL,げんきのかけら,"Vitality Fragment",T,,NULL,0,Dresseur,77,NULL,NULL,NULL,NULL,NULL,NULL,NULL,NULL,NULL,NULL,NULL,NULL,NULL,NULL,NULL,NULL,NULL,NULL,NULL,1,0,NULL,NULL
90,1000009400,074,1,1,90,102,90/102,"Peu commune","Dresseur ",,"Super Potion","Super Potion",NULL,NULL,NULL,NULL,"Super Potion","Super Potion",NULL,NULL,NULL,"Super Potion","Super Potion","Super Potion",NULL,NULL,NULL,NULL,NULL,NULL,NULL,NULL,NULL,NULL,NULL,NULL,,,NULL,NULL,NULL,NULL,NULL,WZST0090,NULL,NULL,NULL,NULL,NULL,1,1,1,0,0,NULL,0,1,NULL,90,,"Base Set",90/102,"Expansion Pack",Uncommon,Peucommune,"Super Potion",—,NULL,いいきずぐすり,"Good Wound Medicine",T,,NULL,0,Dresseur,74,NULL,NULL,NULL,NULL,NULL,NULL,NULL,NULL,NULL,NULL,NULL,NULL,NULL,NULL,NULL,NULL,NULL,NULL,NULL,1,0,NULL,NULL
91,1000009500,073,1,1,91,102,91/102,Commune,"Dresseur ",,Léo,Bill,NULL,NULL,NULL,NULL,Léo,Bill,NULL,NULL,NULL,Bill,Léo,Bill,NULL,NULL,NULL,NULL,NULL,NULL,NULL,NULL,NULL,NULL,NULL,NULL,,,NULL,NULL,NULL,NULL,NULL,WZST0091,NULL,NULL,NULL,NULL,NULL,1,1,1,0,0,NULL,0,1,NULL,91,,"Base Set",91/102,"Expansion Pack",Common,Commune,Bill,—,NULL,マサキ,Masaki,T,,NULL,0,Dresseur,73,NULL,NULL,NULL,NULL,NULL,NULL,NULL,NULL,NULL,NULL,NULL,NULL,NULL,NULL,NULL,NULL,NULL,NULL,NULL,1,0,NULL,NULL
92,1000009600,069,1,1,92,102,92/102,Commune,"Dresseur ",,"Suppression Énergie","Energy Removal",NULL,NULL,NULL,NULL,"Suppression d'Énergie","Energy Removal",NULL,NULL,NULL,"Energy Removal","Suppression d'Énergie","Energy Removal",NULL,NULL,NULL,NULL,NULL,NULL,NULL,NULL,NULL,NULL,NULL,NULL,,,NULL,NULL,NULL,NULL,NULL,WZST0092,NULL,NULL,NULL,NULL,NULL,1,1,1,0,0,NULL,0,1,NULL,92,,"Base Set",92/102,"Expansion Pack",Common,Commune,"Energy Removal",—,NULL,エネルギー・リムーブ,"Energy Remove",T,,NULL,0,Dresseur,69,NULL,NULL,NULL,NULL,NULL,NULL,NULL,NULL,NULL,NULL,NULL,NULL,NULL,NULL,NULL,NULL,NULL,NULL,NULL,1,0,NULL,NULL
93,1000009700,071,1,1,93,102,93/102,Commune,"Dresseur ",,"Rafale de vent","Gust of Wind",NULL,NULL,NULL,NULL,"Rafale de vent","Gust of Wind",NULL,NULL,NULL,"Gust of Wind","Rafale de vent","Gust of Wind",NULL,NULL,NULL,NULL,NULL,NULL,NULL,NULL,NULL,NULL,NULL,NULL,,,NULL,NULL,NULL,NULL,NULL,WZST0093,NULL,NULL,NULL,NULL,NULL,1,1,1,0,0,NULL,0,1,NULL,93,,"Base Set",93/102,"Expansion Pack",Common,Commune,"Gust of Wind",—,NULL,突風,Gust,T,,NULL,0,Dresseur,71,NULL,NULL,NULL,NULL,NULL,NULL,NULL,NULL,NULL,NULL,NULL,NULL,NULL,NULL,NULL,NULL,NULL,NULL,NULL,1,0,NULL,NULL
94,1000009800,070,1,1,94,102,94/102,Commune,"Dresseur ",,Potion,Potion,NULL,NULL,NULL,NULL,Potion,Potion,NULL,NULL,NULL,Potion,Potion,Potion,NULL,NULL,NULL,NULL,NULL,NULL,NULL,NULL,NULL,NULL,NULL,NULL,,,NULL,NULL,NULL,NULL,NULL,WZST0094,NULL,NULL,NULL,NULL,NULL,1,1,1,0,0,NULL,0,1,NULL,94,,"Base Set",94/102,"Expansion Pack",Common,Commune,Potion,—,NULL,きずぐすり,Salve,T,,NULL,0,Dresseur,70,NULL,NULL,NULL,NULL,NULL,NULL,NULL,NULL,NULL,NULL,NULL,NULL,NULL,NULL,NULL,NULL,NULL,NULL,NULL,1,0,NULL,NULL
95,1000009900,072,1,1,95,102,95/102,Commune,"Dresseur ",,Transfert,Switch,NULL,NULL,NULL,NULL,Transfert,Switch,NULL,NULL,NULL,Switch,Transfert,Switch,NULL,NULL,NULL,NULL,NULL,NULL,NULL,NULL,NULL,NULL,NULL,NULL,,,NULL,NULL,NULL,NULL,NULL,WZST0095,NULL,NULL,NULL,NULL,NULL,1,1,1,0,0,NULL,0,1,NULL,95,,"Base Set",95/102,"Expansion Pack",Common,Commune,Switch,—,NULL,ポケモンいれかえ,"Pokémon Substitution",T,,NULL,0,Dresseur,72,NULL,NULL,NULL,NULL,NULL,NULL,NULL,NULL,NULL,NULL,NULL,NULL,NULL,NULL,NULL,NULL,NULL,NULL,NULL,1,0,NULL,NULL
96,1000010000,095,1,1,96,102,96/102,"Peu commune",Incolore,,"Double Énergie Incolore","Double Colorless Energy",NULL,NULL,NULL,NULL,"Double Énergie Incolore","Double Colorless Energy",NULL,NULL,NULL,"Double Colorless Energy","Double Énergie Incolore","Double Colorless Energy",NULL,NULL,NULL,NULL,NULL,NULL,NULL,NULL,NULL,NULL,NULL,NULL,,,NULL,NULL,NULL,NULL,NULL,WZST0096,NULL,NULL,NULL,NULL,NULL,1,1,1,0,0,NULL,0,1,NULL,96,,"Base Set",96/102,"Expansion Pack",Uncommon,Peucommune,"Double Colorless Energy",—,NULL,ダブル無色エネルギー,"Double Colorless Energy",Colorless,,NULL,0,Incolore,95,NULL,NULL,NULL,NULL,NULL,NULL,NULL,NULL,NULL,NULL,NULL,NULL,NULL,NULL,NULL,NULL,NULL,NULL,NULL,1,0,NULL,NULL
97,1000010100,NULL,1,1,97,102,97/102,Commune,"Combat ",,"Énergie Combat","Fighting Energy",NULL,NULL,NULL,NULL,"Énergie Combat","Fighting Energy",NULL,NULL,NULL,"Fighting Energy","Énergie Combat","Fighting Energy",NULL,NULL,NULL,NULL,NULL,NULL,NULL,NULL,NULL,NULL,NULL,NULL,,,NULL,NULL,NULL,NULL,NULL,WZST0097,NULL,NULL,NULL,NULL,NULL,1,1,0,0,0,NULL,0,1,NULL,97,NULL,"Base Set",NULL,"Expansion Pack",NULL,NULL,"Fighting Energy",NULL,NULL,闘エネルギー,NULL,NULL,NULL,NULL,NULL,"Combat ",NULL,NULL,NULL,NULL,NULL,NULL,NULL,NULL,NULL,NULL,NULL,NULL,NULL,NULL,NULL,NULL,NULL,NULL,NULL,NULL,1,0,NULL,NULL
98,1000010200,NULL,1,1,98,102,98/102,Commune,"Feu ",,"Énergie Feu","Fire Energy",NULL,NULL,NULL,NULL,"Énergie Feu","Fire Energy",NULL,NULL,NULL,"Fire Energy","Énergie Feu","Fire Energy",NULL,NULL,NULL,NULL,NULL,NULL,NULL,NULL,NULL,NULL,NULL,NULL,,,NULL,NULL,NULL,NULL,NULL,WZST0098,NULL,NULL,NULL,NULL,NULL,1,1,0,0,0,NULL,0,1,NULL,98,NULL,"Base Set",NULL,"Expansion Pack",NULL,NULL,"Fire Energy",NULL,NULL,闘エネルギー,NULL,NULL,NULL,NULL,NULL,"Feu ",NULL,NULL,NULL,NULL,NULL,NULL,NULL,NULL,NULL,NULL,NULL,NULL,NULL,NULL,NULL,NULL,NULL,NULL,NULL,NULL,1,0,NULL,NULL
99,1000010300,NULL,1,1,99,102,99/102,Commune,"Plante ",,"Énergie Plante","Grass Energy",NULL,NULL,NULL,NULL,"Énergie Plante","Grass Energy",NULL,NULL,NULL,"Grass Energy","Énergie Plante","Grass Energy",NULL,NULL,NULL,NULL,NULL,NULL,NULL,NULL,NULL,NULL,NULL,NULL,,,NULL,NULL,NULL,NULL,NULL,WZST0099,NULL,NULL,NULL,NULL,NULL,1,1,0,0,0,NULL,0,1,NULL,99,NULL,"Base Set",NULL,"Expansion Pack",NULL,NULL,"Grass Energy",NULL,NULL,闘エネルギー,NULL,NULL,NULL,NULL,NULL,"Plante ",NULL,NULL,NULL,NULL,NULL,NULL,NULL,NULL,NULL,NULL,NULL,NULL,NULL,NULL,NULL,NULL,NULL,NULL,NULL,NULL,1,0,NULL,NULL
100,1000010400,NULL,1,1,100,102,100/102,Commune,Élektrik,,"Énergie Électrique","Lightning Energy",NULL,NULL,NULL,NULL,"Énergie Électrique","Lightning Energy",NULL,NULL,NULL,"Lightning Energy","Énergie Électrique","Lightning Energy",NULL,NULL,NULL,NULL,NULL,NULL,NULL,NULL,NULL,NULL,NULL,NULL,,,NULL,NULL,NULL,NULL,NULL,WZST0100,NULL,NULL,NULL,NULL,NULL,1,1,0,0,0,NULL,0,1,NULL,100,NULL,"Base Set",NULL,"Expansion Pack",NULL,NULL,"Lightning Energy",NULL,NULL,闘エネルギー,NULL,NULL,NULL,NULL,NULL,Élektrik,NULL,NULL,NULL,NULL,NULL,NULL,NULL,NULL,NULL,NULL,NULL,NULL,NULL,NULL,NULL,NULL,NULL,NULL,NULL,NULL,1,0,NULL,NULL
101,1000010500,NULL,1,1,101,102,101/102,Commune,"Psy ",,"Énergie Psy","Psychic Energy",NULL,NULL,NULL,NULL,"Énergie Psy","Psychic Energy",NULL,NULL,NULL,"Psychic Energy","Énergie Psy","Psychic Energy",NULL,NULL,NULL,NULL,NULL,NULL,NULL,NULL,NULL,NULL,NULL,NULL,,,NULL,NULL,NULL,NULL,NULL,WZST0101,NULL,NULL,NULL,NULL,NULL,1,1,0,0,0,NULL,0,1,NULL,101,NULL,"Base Set",NULL,"Expansion Pack",NULL,NULL,"Psychic Energy",NULL,NULL,闘エネルギー,NULL,NULL,NULL,NULL,NULL,"Psy ",NULL,NULL,NULL,NULL,NULL,NULL,NULL,NULL,NULL,NULL,NULL,NULL,NULL,NULL,NULL,NULL,NULL,NULL,NULL,NULL,1,0,NULL,NULL
102,1000010600,NULL,1,1,102,102,102/102,Commune,"Eau ",,"Energie Eau","Water Energy",NULL,NULL,NULL,NULL,"Energie Eau","Water Energy",NULL,NULL,NULL,"Water Energy","Energie Eau","Water Energy",NULL,NULL,NULL,NULL,NULL,NULL,NULL,NULL,NULL,NULL,NULL,NULL,,,NULL,NULL,NULL,NULL,NULL,WZST0102,NULL,NULL,NULL,NULL,NULL,1,1,0,0,0,NULL,0,1,NULL,102,NULL,"Base Set",NULL,"Expansion Pack",NULL,NULL,"Water Energy",NULL,NULL,闘エネルギー,NULL,NULL,NULL,NULL,NULL,"Eau ",NULL,NULL,NULL,NULL,NULL,NULL,NULL,NULL,NULL,NULL,NULL,NULL,NULL,NULL,NULL,NULL,NULL,NULL,NULL,NULL,1,0,NULL,NULL
1059911,1000000900,NULL,1,NULL,8,102,8/102,Promo,Combat,NULL,"Mackogneur Cosmos Holo","Machamp Cosmos Holo",NULL,NULL,NULL,NULL,"Mackogneur Cosmos Holo","Machamp Cosmos Holo",NULL,NULL,NULL,NULL,"Mackogneur Cosmos Holo","Machamp Cosmos Holo",NULL,NULL,NULL,NULL,NULL,NULL,NULL,NULL,NULL,NULL,NULL,"Cosmos holo 2-Player CD-ROM Starter Set exclusive",NULL,NULL,NULL,NULL,NULL,NULL,NULL,NULL,NULL,NULL,NULL,NULL,NULL,1,1,NULL,0,0,NULL,0,0,1,NULL,NULL,NULL,NULL,NULL,NULL,NULL,NULL,NULL,NULL,NULL,NULL,NULL,NULL,NULL,NULL,NULL,NULL,NULL,NULL,NULL,NULL,NULL,NULL,NULL,NULL,NULL,NULL,NULL,NULL,NULL,NULL,NULL,NULL,NULL,NULL,NULL,1,0,NULL,NULL
1059912,1000006000,NULL,1,NULL,58,102,58/102,Promo,Élektrik,NULL,"Pikachu Red Cheek E3","Pikachu Red Cheek E3",NULL,NULL,NULL,NULL,"Pikachu Red Cheek E3","Pikachu Red Cheek E3",NULL,NULL,NULL,NULL,"Pikachu Red Cheek E3","Pikachu Red Cheek E3",NULL,NULL,NULL,NULL,NULL,NULL,NULL,NULL,NULL,NULL,NULL,"Red Cheek E3 Stamp - E3 Convention (May 1999)",NULL,NULL,NULL,NULL,NULL,NULL,NULL,NULL,NULL,NULL,NULL,NULL,NULL,1,1,NULL,0,0,NULL,0,0,1,NULL,NULL,NULL,NULL,NULL,NULL,NULL,NULL,NULL,NULL,NULL,NULL,NULL,NULL,NULL,NULL,NULL,NULL,NULL,NULL,NULL,NULL,NULL,NULL,NULL,NULL,NULL,NULL,NULL,NULL,NULL,NULL,NULL,NULL,NULL,NULL,NULL,1,0,NULL,NULL
1059913,1000006100,NULL,1,NULL,58,102,58/102,Promo,Élektrik,NULL,"Pikachu Yellow Cheek E3","Pikachu Yellow Cheek E3",NULL,NULL,NULL,NULL,"Pikachu Yellow Cheek E3","Pikachu Yellow Cheek E3",NULL,NULL,NULL,NULL,"Pikachu Yellow Cheek E3","Pikachu Yellow Cheek E3",NULL,NULL,NULL,NULL,NULL,NULL,NULL,NULL,NULL,NULL,NULL,"Yellow Cheek E3 Stamp - Nintendo Power Magazine (September 1999)",NULL,NULL,NULL,NULL,NULL,NULL,NULL,NULL,NULL,NULL,NULL,NULL,NULL,1,1,NULL,0,0,NULL,0,0,1,NULL,NULL,NULL,NULL,NULL,NULL,NULL,NULL,NULL,NULL,NULL,NULL,NULL,NULL,NULL,NULL,NULL,NULL,NULL,NULL,NULL,NULL,NULL,NULL,NULL,NULL,NULL,NULL,NULL,NULL,NULL,NULL,NULL,NULL,NULL,NULL,NULL,1,0,NULL,NULL
1059914,1000006200,NULL,1,NULL,58,102,58/102,Promo,Élektrik,NULL,"Pikachu PokéTour 1999","Pikachu PokéTour 1999",NULL,NULL,NULL,NULL,"Pikachu PokéTour 1999","Pikachu PokéTour 1999",NULL,NULL,NULL,NULL,"Pikachu PokéTour 1999","Pikachu PokéTour 1999",NULL,NULL,NULL,NULL,NULL,NULL,NULL,NULL,NULL,NULL,NULL,"PokéTour 1999 Stamp - PokéTour 1999 (Australia)",NULL,NULL,NULL,NULL,NULL,NULL,NULL,NULL,NULL,NULL,NULL,NULL,NULL,1,1,NULL,0,0,NULL,0,0,1,NULL,NULL,NULL,NULL,NULL,NULL,NULL,NULL,NULL,NULL,NULL,NULL,NULL,NULL,NULL,NULL,NULL,NULL,NULL,NULL,NULL,NULL,NULL,NULL,NULL,NULL,NULL,NULL,NULL,NULL,NULL,NULL,NULL,NULL,NULL,NULL,NULL,1,0,NULL,NULL
